member_casual,mean,max,median,count
casual,2372.4547552640306,86349.0,1552.0,856188
member,776.1882727000313,86385.0,589.0,2973421
