day_of_week,ride_length_sec
1,1041.4815410479418
2,978.5062055273322
3,985.4360306053817
4,1019.3221212384392
5,1082.8588043504708
6,1550.9945164255785
7,1518.9441794881504
