member_casual,ride_length_sec
casual,2372.4547552640306
member,776.1882727000313
